<?xml version="1.0" encoding="utf-8"?>
<codeBook xsi:schemaLocation="ddi:codebook:2_5 http://www.ddialliance.org/Specification/DDI-Codebook/2.5/XMLSchema/codebook.xsd" version="2.5" xmlns="ddi:codebook:2_5" xmlns:xsi="http://www.w3.org/2001/XMLSchema-instance">
	<docDscr>
		<citation>
			<titlStmt>
				<titl>CDRC 2011 OAC Geodata Pack - Leicester (E06000016)</titl>
			</titlStmt>
		</citation>
	</docDscr>
	<stdyDscr>
		<citation>
			<titlStmt>
				<titl>CDRC 2011 OAC Geodata Pack - Leicester (E06000016)
				</titl>
				<altTitl></altTitl>
			</titlStmt>
			<rspStmt>
				<AuthEnty>Alex Singleton</AuthEnty>
				<AuthEnty>Hai Nguyen</AuthEnty>
				<othId></othId>
			</rspStmt>
			<prodStmt>
				<producer>ESRC Consumer Data Research Centre </producer>
				<copyright>CDRC 2011 OAC Geodata Pack by the ESRC Consumer Data Research Centre; Contains National Statistics data Crown copyright and database right 2015; Contains Ordnance Survey data Crown copyright and database right 2015</copyright>
				<fundAg>Economic and Social Research Council</fundAg>
<grantNo agency="Economic and Social Research Council">ES/L011840/1</grantNo>
							
			</prodStmt>
			<distStmt>
				<contact>data@cdrc.ac.uk</contact>
				<depositr>Alex Singleton, University of Liverpool</depositr>
				
				<distDate date="2015-07-09T00:00:00Z">2015-07-09</distDate>
			</distStmt>
			<serStmt>
				<serName>CDRC 2011 OAC Geodata Pack</serName>
			</serStmt>
			<verStmt>
				<version date="2015-07-09T00:00:00Z">
					1.0</version>
			</verStmt>
		</citation>
		<stdyInfo>
			<subject>
				<keyword>Output Area Classification</keyword>
				<keyword>Local Authority</keyword>
				<keyword>2011</keyword>
				<keyword>Census</keyword>
				<keyword>OAC</keyword>
				<keyword>Leicester</keyword>
				<keyword>E06000016</keyword>
				<topcClas>Demographics</topcClas>
			</subject>
			<abstract>The 2011 Area Classification for Output Areas (2011 OAC) is a UK geodemographic classification. This CDRC 2011 OAC Geodata Pack provides a mappable version of this classification for the Local Authority District: Leicester (E06000016)
			</abstract>
			<sumDscr>
				<timePrd>2011</timePrd>
				<collDate>2011</collDate>
				<nation>England</nation>
				<geogCover>Leicester</geogCover>
				<geogUnit>Local Authority District, Output Area</geogUnit>
				<anlyUnit></anlyUnit>
				<universe></universe>
				<dataKind>Shapefile</dataKind>
			</sumDscr>
		</stdyInfo>
		<method>
			<dataColl>
				<timeMeth></timeMeth>
				<dataCollector>Office for National Statistics</dataCollector>
				<sampProc></sampProc>
				<deviat></deviat>
				<collMode></collMode>
				<sources><dataSrc>Census 2011</dataSrc></sources>
				<weight></weight>
			</dataColl>
		</method>
		<dataAccs>
			<setAvail>
				<accsPlac>ESRC Consumer Data Research Centre</accsPlac>
			</setAvail>
			<useStmt>
				<restrctn></restrctn>
				<contact>data@cdrc.ac.uk</contact>
			</useStmt>
		</dataAccs>
		<othrStdyMat>
			<relStdy></relStdy>
			<relPubl></relPubl>
			<othRefs></othRefs>
		</othrStdyMat>
	</stdyDscr>
</codeBook>